{"cameraMode":{"drawMode":31,"name":"Sprite Mask","section":"Miscellaneous"},"sceneLighting":true,"audioPlay":false,"sceneViewState":{"showFog":true,"showMaterialUpdate":false,"showSkybox":true,"showFlares":true,"showImageEffects":true,"showParticleSystems":true},"in2DMode":false,"pivot":{"x":-0.2153770923614502,"y":10.00275993347168,"z":-3.886868476867676},"rotation":{"x":-0.2389870136976242,"y":0.7430415153503418,"z":-0.33746105432510378,"w":-0.5262123346328735},"size":12.042232513427735,"orthographic":false}